{"cameraMode":{"drawMode":0,"name":"Shaded","section":"Shading Mode"},"sceneLighting":true,"audioPlay":false,"sceneViewState":{"showFog":true,"showMaterialUpdate":false,"showSkybox":true,"showFlares":true,"showImageEffects":true,"showParticleSystems":true},"in2DMode":false,"pivot":{"x":0.29789382219314577,"y":1.1170960664749146,"z":-50.12755584716797},"rotation":{"x":-0.001464017783291638,"y":0.24410583078861237,"z":-0.00036843112320639193,"w":-0.9697489142417908},"size":5.745234966278076,"orthographic":false}